[
    {
        "name": "mongodb/mongodb",
        "version": "1.4.2",
        "version_normalized": "1.4.2.0",
        "source": {
            "type": "git",
            "url": "https://github.com/mongodb/mongo-php-library.git",
            "reference": "bd148eab0493e38354e45e2cd7db59b90fdcad79"
        },
        "dist": {
            "type": "zip",
            "url": "https://api.github.com/repos/mongodb/mongo-php-library/zipball/bd148eab0493e38354e45e2cd7db59b90fdcad79",
            "reference": "bd148eab0493e38354e45e2cd7db59b90fdcad79",
            "shasum": ""
        },
        "require": {
            "ext-hash": "*",
            "ext-json": "*",
            "ext-mongodb": "^1.5.0",
            "php": ">=5.5"
        },
        "require-dev": {
            "phpunit/phpunit": "^4.8.36 || ^6.4"
        },
        "time": "2018-07-18T14:33:41+00:00",
        "type": "library",
        "extra": {
            "branch-alias": {
                "dev-master": "1.4.x-dev"
            }
        },
        "installation-source": "dist",
        "autoload": {
            "psr-4": {
                "MongoDB\\": "src/"
            },
            "files": [
                "src/functions.php"
            ]
        },
        "notification-url": "https://packagist.org/downloads/",
        "license": [
            "Apache-2.0"
        ],
        "authors": [
            {
                "name": "Jeremy Mikola",
                "email": "jmikola@gmail.com"
            },
            {
                "name": "Derick Rethans",
                "email": "github@derickrethans.nl"
            },
            {
                "name": "Katherine Walker",
                "email": "katherine.walker@mongodb.com"
            }
        ],
        "description": "MongoDB driver library",
        "homepage": "https://jira.mongodb.org/browse/PHPLIB",
        "keywords": [
            "database",
            "driver",
            "mongodb",
            "persistence"
        ]
    }
]
